admin,name
Albania,Albania
Algeria,Algeria
Angola,Bengo
Angola,Benguela
Angola,Bié
Angola,Cabinda
Angola,Cuando Cubango
Angola,Cuanza Norte
Angola,Cuanza Sul
Angola,Cunene
Angola,Huambo
Angola,Huíla
Angola,Luanda
Angola,Lunda Norte
Angola,Lunda Sul
Angola,Malanje
Angola,Moxico
Angola,Namibe
Angola,Uíge
Angola,Zaire
Argentina,Buenos Aires
Argentina,Catamarca
Argentina,Chaco
Argentina,Chubut
Argentina,Ciudad de Buenos Aires
Argentina,Córdoba
Argentina,Corrientes
Argentina,Entre Ríos
Argentina,Formosa
Argentina,Jujuy
Argentina,La Pampa
Argentina,La Rioja
Argentina,Mendoza
Argentina,Misiones
Argentina,Neuquén
Argentina,Río Negro
Argentina,Salta
Argentina,San Juan
Argentina,San Luis
Argentina,Santa Cruz
Argentina,Santa Fe
Argentina,Santiago del Estero
Argentina,Tierra del Fuego
Argentina,Tucumán
Armenia,Armenia
Australia,Australian Capital Territory
Australia,Jervis Bay Territory
Australia,Lord Howe Island
Australia,Macquarie Island
Australia,New South Wales
Australia,Northern Territory
Australia,Queensland
Australia,South Australia
Australia,Tasmania
Australia,Victoria
Australia,Western Australia
Austria,Burgenland
Austria,Kärnten
Austria,Niederösterreich
Austria,Oberösterreich
Austria,Salzburg
Austria,Steiermark
Austria,Tirol
Austria,Vorarlberg
Austria,Wien
Azerbaijan,Azerbaijan
Bangladesh,Bangladesh
Belarus,Brest
Belarus,City of Minsk
Belarus,Gomel
Belarus,Grodno
Belarus,Minsk
Belarus,Mogilev
Belarus,Vitebsk
Belgium,Belgium
Belize,Belize
Belize,Cayo
Belize,Corozal
Belize,Orange Walk
Belize,Stann Creek
Belize,Toledo
Bhutan,Bumthang
Bhutan,Chhukha
Bhutan,Chirang
Bhutan,Daga
Bhutan,Gasa
Bhutan,Geylegphug
Bhutan,Ha
Bhutan,Lhuntshi
Bhutan,Mongar
Bhutan,Paro
Bhutan,Pemagatsel
Bhutan,Punakha
Bhutan,Samchi
Bhutan,Samdrup Jongkhar
Bhutan,Shemgang
Bhutan,Tashi Yangtse
Bhutan,Tashigang
Bhutan,Thimphu
Bhutan,Tongsa
Bhutan,Wangdi Phodrang
Bolivia,Chuquisaca
Bolivia,Cochabamba
Bolivia,El Beni
Bolivia,La Paz
Bolivia,Oruro
Bolivia,Pando
Bolivia,Potosí
Bolivia,Santa Cruz
Bolivia,Tarija
Bosnia and Herzegovina,Banja Luka
Bosnia and Herzegovina,Bijeljina
Bosnia and Herzegovina,Bosnian Podrinje
Bosnia and Herzegovina,Brčko Distrikt
Bosnia and Herzegovina,Central Bosnia
Bosnia and Herzegovina,Doboj
Bosnia and Herzegovina,Foča
Bosnia and Herzegovina,Herzegovina-Neretva
Bosnia and Herzegovina,Posavina
Bosnia and Herzegovina,Sarajevo
Bosnia and Herzegovina,Sarajevo-romanija
Bosnia and Herzegovina,Trebinje
Bosnia and Herzegovina,Tuzla
Bosnia and Herzegovina,Una-Sana
Bosnia and Herzegovina,Vlasenica
Bosnia and Herzegovina,West Bosnia
Bosnia and Herzegovina,West Herzegovina
Bosnia and Herzegovina,Zenica-Doboj
Brazil,Acre
Brazil,Alagoas
Brazil,Amapá
Brazil,Amazonas
Brazil,Bahia
Brazil,Ceará
Brazil,Distrito Federal
Brazil,Espírito Santo
Brazil,Goiás
Brazil,Maranhão
Brazil,Mato Grosso
Brazil,Mato Grosso do Sul
Brazil,Minas Gerais
Brazil,Pará
Brazil,Paraíba
Brazil,Paraná
Brazil,Pernambuco
Brazil,Piauí
Brazil,Rio de Janeiro
Brazil,Rio Grande do Norte
Brazil,Rio Grande do Sul
Brazil,Rondônia
Brazil,Roraima
Brazil,Santa Catarina
Brazil,São Paulo
Brazil,Sergipe
Brazil,Tocantins
Brunei,Brunei
Bulgaria,Blagoevgrad
Bulgaria,Burgas
Bulgaria,Dobrich
Bulgaria,Gabrovo
Bulgaria,Grad Sofiya
Bulgaria,Haskovo
Bulgaria,Kardzhali
Bulgaria,Kyustendil
Bulgaria,Lovech
Bulgaria,Montana
Bulgaria,Pazardzhik
Bulgaria,Pernik
Bulgaria,Pleven
Bulgaria,Plovdiv
Bulgaria,Razgrad
Bulgaria,Ruse
Bulgaria,Shumen
Bulgaria,Silistra
Bulgaria,Sliven
Bulgaria,Smolyan
Bulgaria,Sofia
Bulgaria,Stara Zagora
Bulgaria,Targovishte
Bulgaria,Varna
Bulgaria,Veliko Tarnovo
Bulgaria,Vidin
Bulgaria,Vratsa
Bulgaria,Yambol
Cambodia,Bântéay Méanchey
Cambodia,Batdâmbâng
Cambodia,Kâmpóng Cham
Cambodia,Kâmpóng Chhnang
Cambodia,Kâmpóng Spœ
Cambodia,Kâmpóng Thum
Cambodia,Kâmpôt
Cambodia,Kândal
Cambodia,Kaôh Kong
Cambodia,Kep
Cambodia,Krâchéh
Cambodia,Krong Pailin
Cambodia,Krong Preah Sihanouk
Cambodia,Môndól Kiri
Cambodia,Otdar Mean Chey
Cambodia,Phnom Penh
Cambodia,Pouthisat
Cambodia,Preah Vihéar
Cambodia,Prey Vêng
Cambodia,Rôtânôkiri
Cambodia,Siemréab
Cambodia,Stœng Trêng
Cambodia,Svay Rieng
Cambodia,Takêv
Cameroon,Adamaoua
Cameroon,Centre
Cameroon,Est
Cameroon,Extrême-Nord
Cameroon,Littoral
Cameroon,Nord
Cameroon,Nord-Ouest
Cameroon,Ouest
Cameroon,Sud
Cameroon,Sud-Ouest
Canada,Alberta
Canada,British Columbia
Canada,Manitoba
Canada,New Brunswick
Canada,Newfoundland and Labrador
Canada,Northwest Territories
Canada,Nova Scotia
Canada,Nunavut
Canada,Ontario
Canada,Prince Edward Island
Canada,Québec
Canada,Saskatchewan
Canada,Yukon
Caribbean Netherlands,Caribbean Netherlands
Central African Republic,Bamingui-Bangoran
Central African Republic,Bangui
Central African Republic,Basse-Kotto
Central African Republic,Haut-Mbomou
Central African Republic,Haute-Kotto
Central African Republic,Kémo
Central African Republic,Lobaye
Central African Republic,Mambéré-Kadéï
Central African Republic,Mbomou
Central African Republic,Nana-Grébizi
Central African Republic,Nana-Mambéré
Central African Republic,Ombella-M'Poko
Central African Republic,Ouaka
Central African Republic,Ouham
Central African Republic,Ouham-Pendé
Central African Republic,Sangha-Mbaéré
Central African Republic,Vakaga
Chad,Chad
Chile,Aisén del General Carlos Ibáñez del Campo
Chile,Antofagasta
Chile,Arica y Parinacota
Chile,Atacama
Chile,Bío-Bío
Chile,Coquimbo
Chile,La Araucanía
Chile,Libertador General Bernardo O'Higgins
Chile,Los Lagos
Chile,Los Ríos
Chile,Magallanes y Antártica Chilena
Chile,Maule
Chile,Ñuble
Chile,Región Metropolitana de Santiago
Chile,Tarapacá
Chile,Valparaíso
China,Anhui
China,Beijing
China,Chongqing
China,Fujian
China,Gansu
China,Guangdong
China,Guangxi
China,Guizhou
China,Hainan
China,Hebei
China,Heilongjiang
China,Henan
China,Hubei
China,Hunan
China,Inner Mongol
China,Jiangsu
China,Jiangxi
China,Jilin
China,Liaoning
China,Ningxia
China,Paracel Islands
China,Qinghai
China,Shaanxi
China,Shandong
China,Shanghai
China,Shanxi
China,Sichuan
China,Tianjin
China,Xinjiang
China,Xizang
China,Yunnan
China,Zhejiang
Colombia,Amazonas
Colombia,Antioquia
Colombia,Arauca
Colombia,Atlántico
Colombia,Bogota
Colombia,Bolívar
Colombia,Boyacá
Colombia,Caldas
Colombia,Caquetá
Colombia,Casanare
Colombia,Cauca
Colombia,Cesar
Colombia,Chocó
Colombia,Córdoba
Colombia,Cundinamarca
Colombia,Guainía
Colombia,Guaviare
Colombia,Huila
Colombia,La Guajira
Colombia,Magdalena
Colombia,Meta
Colombia,Nariño
Colombia,Norte de Santander
Colombia,Putumayo
Colombia,Quindío
Colombia,Risaralda
Colombia,San Andrés y Providencia
Colombia,Santander
Colombia,Sucre
Colombia,Tolima
Colombia,Valle del Cauca
Colombia,Vaupés
Colombia,Vichada
Colombia,
Costa Rica,Alajuela
Costa Rica,Cartago
Costa Rica,Guanacaste
Costa Rica,Heredia
Costa Rica,Limón
Costa Rica,Puntarenas
Costa Rica,San José
Croatia,Bjelovarsko-bilogorska
Croatia,Brodsko-Posavska
Croatia,Dubrovacko-Neretvanska
Croatia,Grad Zagreb
Croatia,Istarska
Croatia,Karlovacka
Croatia,Koprivničko-Križevačka
Croatia,Krapinsko-Zagorska
Croatia,Licko-Senjska
Croatia,Medimurska
Croatia,Osjecko-Baranjska
Croatia,Primorsko-Goranska
Croatia,Šibensko-Kninska
Croatia,Sisacko-Moslavacka
Croatia,Splitsko-Dalmatinska
Croatia,Varaždinska
Croatia,Viroviticko-Podravska
Croatia,Vukovarsko-Srijemska
Croatia,Zadarska
Croatia,Zagrebacka
Cuba,Artemisa
Cuba,Camagüey
Cuba,Ciego de Ávila
Cuba,Cienfuegos
Cuba,Ciudad de la Habana
Cuba,Granma
Cuba,Guantánamo
Cuba,Guantanamo Bay USNB
Cuba,Holguín
Cuba,Isla de la Juventud
Cuba,Las Tunas
Cuba,Matanzas
Cuba,Mayabeque
Cuba,Pinar del Río
Cuba,Sancti Spíritus
Cuba,Santiago de Cuba
Cuba,Villa Clara
Czech Republic,Jihočeský
Czech Republic,Jihomoravský
Czech Republic,Karlovarský
Czech Republic,Královéhradecký
Czech Republic,Liberecký
Czech Republic,Moravskoslezský
Czech Republic,Olomoucký
Czech Republic,Pardubický
Czech Republic,Plzeňský
Czech Republic,Prague
Czech Republic,Středočeský
Czech Republic,Ústecký
Czech Republic,Vysočina
Czech Republic,Zlínský
Democratic Republic of the Congo,Bandundu
Democratic Republic of the Congo,Bas-Congo
Democratic Republic of the Congo,Équateur
Democratic Republic of the Congo,Kasaï-Occidental
Democratic Republic of the Congo,Kasaï-Oriental
Democratic Republic of the Congo,Katanga
Democratic Republic of the Congo,Kinshasa City
Democratic Republic of the Congo,Maniema
Democratic Republic of the Congo,Nord-Kivu
Democratic Republic of the Congo,Orientale
Democratic Republic of the Congo,Sud-Kivu
Denmark,Denmark
Dominica,Dominica
Dominican Republic,Dominican Republic
East Timor,East Timor
Ecuador,Azuay
Ecuador,Bolivar
Ecuador,Cañar
Ecuador,Carchi
Ecuador,Chimborazo
Ecuador,Cotopaxi
Ecuador,El Oro
Ecuador,Esmeraldas
Ecuador,Galápagos
Ecuador,Guayas
Ecuador,Imbabura
Ecuador,Loja
Ecuador,Los Rios
Ecuador,Manabi
Ecuador,Morona Santiago
Ecuador,Napo
Ecuador,Orellana
Ecuador,Pastaza
Ecuador,Pichincha
Ecuador,Santa Elena
Ecuador,Santo Domingo de los Tsáchilas
Ecuador,Sucumbios
Ecuador,Tungurahua
Ecuador,Zamora Chinchipe
El Salvador,El Salvador
Equatorial Guinea,Annobón
Equatorial Guinea,Bioko Norte
Equatorial Guinea,Bioko Sur
Equatorial Guinea,Centro Sur
Equatorial Guinea,Kié-Ntem
Equatorial Guinea,Litoral
Equatorial Guinea,Wele-Nzás
Estonia,Harju
Estonia,Hiiu
Estonia,Ida-Viru
Estonia,Järva
Estonia,Jõgeva
Estonia,Lääne
Estonia,Lääne-Viru
Estonia,Pärnu
Estonia,Põlva
Estonia,Rapla
Estonia,Saare
Estonia,Tartu
Estonia,Valga
Estonia,Viljandi
Estonia,Võru
Ethiopia,Addis Ababa
Ethiopia,Afar
Ethiopia,Amhara
Ethiopia,Benshangul-Gumaz
Ethiopia,Dire Dawa
Ethiopia,Gambela Peoples
Ethiopia,Harari People
Ethiopia,Oromiya
Ethiopia,Somali
Ethiopia,"Southern Nations, Nationalities and Peoples"
Ethiopia,Tigray
Fiji,Central
Fiji,Eastern
Fiji,Northern
Fiji,Rotuma
Fiji,Western
Finland,Central Finland
Finland,Central Ostrobothnia
Finland,Finland Proper
Finland,Kainuu
Finland,Kymenlaakso
Finland,Lapland
Finland,North Karelia
Finland,Northern Ostrobothnia
Finland,Northern Savonia
Finland,Ostrobothnia
Finland,Päijät-Häme
Finland,Pirkanmaa
Finland,Satakunta
Finland,South Karelia
Finland,Southern Ostrobothnia
Finland,Southern Savonia
Finland,Tavastia Proper
Finland,Uusimaa
France,Ain
France,Aisne
France,Allier
France,Alpes-de-Haute-Provence
France,Alpes-Maritimes
France,Ardèche
France,Ardennes
France,Ariège
France,Aube
France,Aude
France,Aveyron
France,Bas-Rhin
France,Bouches-du-Rhône
France,Calvados
France,Cantal
France,Charente
France,Charente-Maritime
France,Cher
France,Corrèze
France,Corse-du-Sud
France,Côte-d'Or
France,Côtes-d'Armor
France,Creuse
France,Deux-Sèvres
France,Dordogne
France,Doubs
France,Drôme
France,Essonne
France,Eure
France,Eure-et-Loir
France,Finistère
France,Gard
France,Gers
France,Gironde
France,Guadeloupe
France,Guyane française
France,Haute-Corse
France,Haute-Garonne
France,Haute-Loire
France,Haute-Marne
France,Haute-Rhin
France,Haute-Saône
France,Haute-Savoie
France,Haute-Vienne
France,Hautes-Alpes
France,Hautes-Pyrénées
France,Hauts-de-Seine
France,Hérault
France,Ille-et-Vilaine
France,Indre
France,Indre-et-Loire
France,Isère
France,Jura
France,La Réunion
France,Landes
France,Loir-et-Cher
France,Loire
France,Loire-Atlantique
France,Loiret
France,Lot
France,Lot-et-Garonne
France,Lozère
France,Maine-et-Loire
France,Manche
France,Marne
France,Martinique
France,Mayenne
France,Mayotte
France,Meurthe-et-Moselle
France,Meuse
France,Morbihan
France,Moselle
France,Nièvre
France,Nord
France,Oise
France,Orne
France,Paris
France,Pas-de-Calais
France,Puy-de-Dôme
France,Pyrénées-Atlantiques
France,Pyrénées-Orientales
France,Rhône
France,Saône-et-Loire
France,Sarthe
France,Savoie
France,Seien-et-Marne
France,Seine-Maritime
France,Seine-Saint-Denis
France,Somme
France,Tarn
France,Tarn-et-Garonne
France,Territoire de Belfort
France,Val-d'Oise
France,Val-de-Marne
France,Var
France,Vaucluse
France,Vendée
France,Vienne
France,Vosges
France,Yonne
France,Yvelines
Gabon,Estuaire
Gabon,Haut-Ogooué
Gabon,Moyen-Ogooué
Gabon,Ngounié
Gabon,Nyanga
Gabon,Ogooué-Ivindo
Gabon,Ogooué-Lolo
Gabon,Ogooué-Maritime
Gabon,Wouleu-Ntem
Georgia,Abkhazia
Georgia,Ajaria
Georgia,Guria
Georgia,Imereti
Georgia,Kakheti
Georgia,Kvemo Kartli
Georgia,Mtskheta-Mtianeti
Georgia,Racha-Lechkhumi-Kvemo Svaneti
Georgia,Samegrelo-Zemo Svaneti
Georgia,Samtskhe-Javakheti
Georgia,Shida Kartli
Georgia,Tbilisi
Germany,Baden-Württemberg
Germany,Bayern
Germany,Berlin
Germany,Brandenburg
Germany,Bremen
Germany,Hamburg
Germany,Hessen
Germany,Mecklenburg-Vorpommern
Germany,Niedersachsen
Germany,Nordrhein-Westfalen
Germany,Rheinland-Pfalz
Germany,Saarland
Germany,Sachsen
Germany,Sachsen-Anhalt
Germany,Schleswig-Holstein
Germany,Thüringen
Ghana,Ashanti
Ghana,Brong Ahafo
Ghana,Central
Ghana,Eastern
Ghana,Greater Accra
Ghana,Northern
Ghana,Upper East
Ghana,Upper West
Ghana,Volta
Ghana,Western
Greece,Anatoliki Makedonia kai Thraki
Greece,Attiki
Greece,Ayion Oros
Greece,Dytiki Ellada
Greece,Dytiki Makedonia
Greece,Ionioi Nisoi
Greece,Ipeiros
Greece,Kentriki Makedonia
Greece,Kriti
Greece,Notio Aigaio
Greece,Peloponnisos
Greece,Stereá Elláda
Greece,Thessalia
Greece,Voreio Aigaio
Guatemala,Alta Verapaz
Guatemala,Baja Verapaz
Guatemala,Chimaltenango
Guatemala,Chiquimula
Guatemala,El Progreso
Guatemala,Escuintla
Guatemala,Guatemala
Guatemala,Huehuetenango
Guatemala,Izabal
Guatemala,Jalapa
Guatemala,Jutiapa
Guatemala,Petén
Guatemala,Quezaltenango
Guatemala,Quiché
Guatemala,Retalhuleu
Guatemala,Sacatepéquez
Guatemala,San Marcos
Guatemala,Santa Rosa
Guatemala,Sololá
Guatemala,Suchitepéquez
Guatemala,Totonicapán
Guatemala,Zacapa
Guinea,Guinea
Guinea Bissau,Guinea Bissau
Guyana,Barima-Waini
Guyana,Cuyuni-Mazaruni
Guyana,Demerara-Mahaica
Guyana,East Berbice-Corentyne
Guyana,Essequibo Islands-West Demerara
Guyana,Mahaica-Berbice
Guyana,Pomeroon-Supenaam
Guyana,Potaro-Siparuni
Guyana,Upper Demerara-Berbice
Guyana,Upper Takutu-Upper Essequibo
Honduras,Atlántida
Honduras,Choluteca
Honduras,Colón
Honduras,Comayagua
Honduras,Copán
Honduras,Cortés
Honduras,El Paraíso
Honduras,Francisco Morazán
Honduras,Gracias a Dios
Honduras,Intibucá
Honduras,Islas de la Bahía
Honduras,La Paz
Honduras,Lempira
Honduras,Ocotepeque
Honduras,Olancho
Honduras,Santa Bárbara
Honduras,Valle
Honduras,Yoro
Hungary,Bács-Kiskun
Hungary,Baranya
Hungary,Békés
Hungary,Békéscsaba
Hungary,Borsod-Abaúj-Zemplén
Hungary,Budapest
Hungary,Csongrád
Hungary,Debrecen
Hungary,Dunaújváros
Hungary,Eger
Hungary,Érd
Hungary,Fejér
Hungary,Gyôr
Hungary,Gyor-Moson-Sopron
Hungary,Hajdú-Bihar
Hungary,Heves
Hungary,Hódmezôvásárhely
Hungary,Jász-Nagykun-Szolnok
Hungary,Kaposvár
Hungary,Kecskemét
Hungary,Komárom-Esztergom
Hungary,Miskolc
Hungary,Nagykanizsa
Hungary,Nógrád
Hungary,Nyíregyháza
Hungary,Pécs
Hungary,Pest
Hungary,Salgótarján
Hungary,Somogy
Hungary,Sopron
Hungary,Szabolcs-Szatmár-Bereg
Hungary,Szeged
Hungary,Székesfehérvár
Hungary,Szekszárd
Hungary,Szolnok
Hungary,Szombathely
Hungary,Tatabánya
Hungary,Tolna
Hungary,Vas
Hungary,Veszprém
Hungary,Zala
Hungary,Zalaegerszeg
India,Andaman and Nicobar
India,Andhra Pradesh
India,Arunachal Pradesh
India,Assam
India,Bihar
India,Chandigarh
India,Chhattisgarh
India,Dadra and Nagar Haveli and Daman and Diu
India,Delhi
India,Goa
India,Gujarat
India,Haryana
India,Himachal Pradesh
India,Jammu and Kashmir
India,Jharkhand
India,Karnataka
India,Kashmir
India,Kerala
India,Ladakh
India,Lakshadweep
India,Madhya Pradesh
India,Maharashtra
India,Manipur
India,Meghalaya
India,Mizoram
India,Nagaland
India,Odisha
India,Puducherry
India,Punjab
India,Rajasthan
India,Sikkim
India,Tamil Nadu
India,Telangana
India,Tripura
India,Uttar Pradesh
India,Uttarakhand
India,West Bengal
Indonesia,Aceh
Indonesia,Bali
Indonesia,Bangka-Belitung
Indonesia,Banten
Indonesia,Bengkulu
Indonesia,Gorontalo
Indonesia,Jakarta Raya
Indonesia,Jambi
Indonesia,Jawa Barat
Indonesia,Jawa Tengah
Indonesia,Jawa Timur
Indonesia,Kalimantan Barat
Indonesia,Kalimantan Selatan
Indonesia,Kalimantan Tengah
Indonesia,Kalimantan Timur
Indonesia,Kepulauan Riau
Indonesia,Lampung
Indonesia,Maluku
Indonesia,Maluku Utara
Indonesia,Nusa Tenggara Barat
Indonesia,Nusa Tenggara Timur
Indonesia,Papua
Indonesia,Papua Barat
Indonesia,Riau
Indonesia,Sulawesi Barat
Indonesia,Sulawesi Selatan
Indonesia,Sulawesi Tengah
Indonesia,Sulawesi Tenggara
Indonesia,Sulawesi Utara
Indonesia,Sumatera Barat
Indonesia,Sumatera Selatan
Indonesia,Sumatera Utara
Indonesia,Yogyakarta
Iran,Alborz
Iran,Ardebil
Iran,Bushehr
Iran,Chahar Mahall and Bakhtiari
Iran,East Azarbaijan
Iran,Esfahan
Iran,Fars
Iran,Gilan
Iran,Golestan
Iran,Hamadan
Iran,Hormozgan
Iran,Ilam
Iran,Kerman
Iran,Kermanshah
Iran,Khuzestan
Iran,Kohgiluyeh and Buyer Ahmad
Iran,Kordestan
Iran,Lorestan
Iran,Markazi
Iran,Mazandaran
Iran,North Khorasan
Iran,Qazvin
Iran,Qom
Iran,Razavi Khorasan
Iran,Semnan
Iran,Sistan and Baluchestan
Iran,South Khorasan
Iran,Tehran
Iran,West Azarbaijan
Iran,Yazd
Iran,Zanjan
Ireland,Ireland
Italy,Agrigento
Italy,Alessandria
Italy,Ancona
Italy,Aoste
Italy,Arezzo
Italy,Ascoli Piceno
Italy,Asti
Italy,Avellino
Italy,Bari
Italy,Barletta-Andria Trani
Italy,Belluno
Italy,Benevento
Italy,Bergamo
Italy,Biella
Italy,Bologna
Italy,Bozen
Italy,Brescia
Italy,Brindisi
Italy,Cagliari
Italy,Caltanissetta
Italy,Campobasso
Italy,Carbonia-Iglesias
Italy,Caserta
Italy,Catania
Italy,Catanzaro
Italy,Chieti
Italy,Como
Italy,Cosenza
Italy,Cremona
Italy,Crotene
Italy,Cuneo
Italy,Enna
Italy,Fermo
Italy,Ferrara
Italy,Firenze
Italy,Foggia
Italy,Forlì-Cesena
Italy,Frosinone
Italy,Genova
Italy,Gorizia
Italy,Grosseto
Italy,Imperia
Italy,Isernia
Italy,L'Aquila
Italy,La Spezia
Italy,Latina
Italy,Lecce
Italy,Lecco
Italy,Livorno
Italy,Lodi
Italy,Lucca
Italy,Macerata
Italy,Mantova
Italy,Massa-Carrara
Italy,Matera
Italy,Medio Campidano
Italy,Messina
Italy,Milano
Italy,Modena
Italy,Monza e Brianza
Italy,Napoli
Italy,Novara
Italy,Nuoro
Italy,Ogliastra
Italy,Olbia-Tempio
Italy,Oristrano
Italy,Padova
Italy,Palermo
Italy,Parma
Italy,Pavia
Italy,Perugia
Italy,Pesaro e Urbino
Italy,Pescara
Italy,Piacenza
Italy,Pisa
Italy,Pistoia
Italy,Pordenone
Italy,Potenza
Italy,Prato
Italy,Ragusa
Italy,Ravenna
Italy,Reggio Calabria
Italy,Reggio Emilia
Italy,Rieti
Italy,Rimini
Italy,Roma
Italy,Rovigo
Italy,Salerno
Italy,Sassari
Italy,Savona
Italy,Siena
Italy,Siracusa
Italy,Sondrio
Italy,Taranto
Italy,Teramo
Italy,Terni
Italy,Trapani
Italy,Trento
Italy,Treviso
Italy,Trieste
Italy,Turin
Italy,Udine
Italy,Varese
Italy,Venezia
Italy,Verbano-Cusio-Ossola
Italy,Vercelli
Italy,Verona
Italy,Vibo Valentia
Italy,Vicenza
Italy,Viterbo
Ivory Coast,Agnéby
Ivory Coast,Bafing
Ivory Coast,Bas-Sassandra
Ivory Coast,Cavally
Ivory Coast,Comoe
Ivory Coast,Denguélé
Ivory Coast,Dix-Huit Montagnes
Ivory Coast,Fromager
Ivory Coast,Haut-Sassandra
Ivory Coast,Lacs
Ivory Coast,Lagunes
Ivory Coast,Marahoué
Ivory Coast,N'zi-Comoé
Ivory Coast,Savanes
Ivory Coast,Sud-Bandama
Ivory Coast,Sud-Comoé
Ivory Coast,Vallée du Bandama
Ivory Coast,Worodougou
Ivory Coast,Zanzan
Jamaica,Jamaica
Japan,Aichi
Japan,Akita
Japan,Aomori
Japan,Chiba
Japan,Ehime
Japan,Fukui
Japan,Fukuoka
Japan,Fukushima
Japan,Gifu
Japan,Gunma
Japan,Hiroshima
Japan,Hokkaidō
Japan,Hyōgo
Japan,Ibaraki
Japan,Ishikawa
Japan,Iwate
Japan,Kagawa
Japan,Kagoshima
Japan,Kanagawa
Japan,Kōchi
Japan,Kumamoto
Japan,Kyōto
Japan,Mie
Japan,Miyagi
Japan,Miyazaki
Japan,Nagano
Japan,Nagasaki
Japan,Nara
Japan,Niigata
Japan,Ōita
Japan,Okayama
Japan,Okinawa
Japan,Ōsaka
Japan,Saga
Japan,Saitama
Japan,Shiga
Japan,Shimane
Japan,Shizuoka
Japan,Tochigi
Japan,Tokushima
Japan,Tokyo
Japan,Tottori
Japan,Toyama
Japan,Wakayama
Japan,Yamagata
Japan,Yamaguchi
Japan,Yamanashi
Kazakhstan,Almaty
Kazakhstan,Almaty City
Kazakhstan,Aqmola
Kazakhstan,Aqtöbe
Kazakhstan,Astana
Kazakhstan,Atyrau
Kazakhstan,Baykonur lease in Qyzylorda
Kazakhstan,East Kazakhstan
Kazakhstan,Mangghystau
Kazakhstan,North Kazakhstan
Kazakhstan,Pavlodar
Kazakhstan,Qaraghandy
Kazakhstan,Qostanay
Kazakhstan,Qyzylorda
Kazakhstan,South Kazakhstan
Kazakhstan,West Kazakhstan
Kazakhstan,Zhambyl
Kenya,Kenya
Kosovo,Kosovo
Laos,Attapu
Laos,Bokeo
Laos,Bolikhamxai
Laos,Champasak
Laos,Houaphan
Laos,Khammouan
Laos,Louang Namtha
Laos,Louangphrabang
Laos,Oudômxai
Laos,Phôngsali
Laos,Saravan
Laos,Savannakhét
Laos,Vientiane
Laos,Vientiane [prefecture]
Laos,Xaignabouri
Laos,Xékong
Laos,Xiangkhoang
Latvia,Ādaži
Latvia,Aglonas
Latvia,Aizkraukles
Latvia,Aizputes
Latvia,Aknistes
Latvia,Alojas
Latvia,Alsungas
Latvia,Aluksne
Latvia,Amatas
Latvia,Apes
Latvia,Auces
Latvia,Babites
Latvia,Baldones
Latvia,Baltinavas
Latvia,Balvu
Latvia,Bauska
Latvia,Beverinas
Latvia,Brocenu
Latvia,Burtnieku
Latvia,Carnikavas
Latvia,Cesu
Latvia,Cesvaines
Latvia,Ciblas
Latvia,Dagdas
Latvia,Daugavpils
Latvia,Dobele
Latvia,Dundagas
Latvia,Durbes
Latvia,Engures
Latvia,Erglu
Latvia,Garkalnes
Latvia,Grobinas
Latvia,Gulbene
Latvia,Iecavas
Latvia,Ikskiles
Latvia,Ilukstes
Latvia,Incukalna
Latvia,Jaunjelgavas
Latvia,Jaunpiebalgas
Latvia,Jaunpils
Latvia,Jekabpils
Latvia,Jelgava
Latvia,Jurmala
Latvia,Kandavas
Latvia,Karsavas
Latvia,Keguma
Latvia,Kekavas
Latvia,Kocenu
Latvia,Kokneses
Latvia,Kraslavas
Latvia,Krimuldas
Latvia,Krustpils
Latvia,Kuldigas
Latvia,Lielvardes
Latvia,Liepāja
Latvia,Ligatnes
Latvia,Limbaži
Latvia,Livanu
Latvia,Lubanas
Latvia,Ludzas
Latvia,Madona
Latvia,Malpils
Latvia,Marupes
Latvia,Mazsalacas
Latvia,Mersraga
Latvia,Nauksenu
Latvia,Neretas
Latvia,Nicas
Latvia,Ogre
Latvia,Olaines
Latvia,Ozolnieku
Latvia,Pargaujas
Latvia,Pavilostas
Latvia,Plavinu
Latvia,Preilu
Latvia,Priekules
Latvia,Priekulu
Latvia,Raunas
Latvia,Rezekne
Latvia,Rezeknes
Latvia,Riebinu
Latvia,Riga
Latvia,Rojas
Latvia,Ropazu
Latvia,Rucavas
Latvia,Rugaju
Latvia,Rujienas
Latvia,Rundales
Latvia,Salacgrivas
Latvia,Salas
Latvia,Salaspils
Latvia,Saldus
Latvia,Saulkrastu
Latvia,Sejas
Latvia,Siguldas
Latvia,Skriveru
Latvia,Skrundas
Latvia,Smiltenes
Latvia,Stopinu
Latvia,Strencu
Latvia,Talsi
Latvia,Tervetes
Latvia,Tukums
Latvia,Vainodes
Latvia,Valkas
Latvia,Valmiera
Latvia,Varaklanu
Latvia,Varkavas
Latvia,Vecpiebalgas
Latvia,Vecumnieku
Latvia,Ventspils
Latvia,Viesites
Latvia,Vilakas
Latvia,Vilanu
Latvia,Zilupes
Liberia,Bomi
Liberia,Bong
Liberia,Gbapolu
Liberia,Grand Bassa
Liberia,Grand Cape Mount
Liberia,Grand Gedeh
Liberia,Grand Kru
Liberia,Lofa
Liberia,Margibi
Liberia,Maryland
Liberia,Montserrado
Liberia,Nimba
Liberia,River Cess
Liberia,River Gee
Liberia,Sinoe
Lithuania,Alytaus
Lithuania,Kauno
Lithuania,Klaipedos
Lithuania,Marijampoles
Lithuania,Panevezio
Lithuania,Šiauliai
Lithuania,Taurages
Lithuania,Telšiai
Lithuania,Utenos
Lithuania,Vilniaus
Macedonia,Macedonia
Madagascar,Alaotra-Mangoro
Madagascar,Amoron'i Mania
Madagascar,Analamanga
Madagascar,Analanjirofo
Madagascar,Androy
Madagascar,Anosy
Madagascar,Atsimo-Andrefana
Madagascar,Atsimo-Atsinanana
Madagascar,Atsinanana
Madagascar,Betsiboka
Madagascar,Boeny
Madagascar,Bongolava
Madagascar,Diana
Madagascar,Haute Matsiatra
Madagascar,Ihorombe
Madagascar,Itasy
Madagascar,Melaky
Madagascar,Menabe
Madagascar,Sava
Madagascar,Sofia
Madagascar,Vakinankaratra
Madagascar,Vatovavy-Fitovinany
Malawi,Malawi
Malaysia,Johor
Malaysia,Kedah
Malaysia,Kelantan
Malaysia,Kuala Lumpur
Malaysia,Labuan
Malaysia,Melaka
Malaysia,Negeri Sembilan
Malaysia,Pahang
Malaysia,Perak
Malaysia,Perlis
Malaysia,Pulau Pinang
Malaysia,Putrajaya
Malaysia,Sabah
Malaysia,Sarawak
Malaysia,Selangor
Malaysia,Terengganu
Mexico,Aguascalientes
Mexico,Baja California
Mexico,Baja California Sur
Mexico,Campeche
Mexico,Chiapas
Mexico,Chihuahua
Mexico,Coahuila
Mexico,Colima
Mexico,Distrito Federal
Mexico,Durango
Mexico,Guanajuato
Mexico,Guerrero
Mexico,Hidalgo
Mexico,Jalisco
Mexico,México
Mexico,Michoacán
Mexico,Morelos
Mexico,Nayarit
Mexico,Nuevo León
Mexico,Oaxaca
Mexico,Puebla
Mexico,Querétaro
Mexico,Quintana Roo
Mexico,San Luis Potosí
Mexico,Sinaloa
Mexico,Sonora
Mexico,Tabasco
Mexico,Tamaulipas
Mexico,Tlaxcala
Mexico,Veracruz
Mexico,Yucatán
Mexico,Zacatecas
Mexico,
Moldova,Moldova
Mongolia,Arhangay
Mongolia,Bayan-Ölgiy
Mongolia,Bayanhongor
Mongolia,Bulgan
Mongolia,Darhan-Uul
Mongolia,Dornod
Mongolia,Dornogovi
Mongolia,Dundgovi
Mongolia,Dzavhan
Mongolia,Govi-Altay
Mongolia,Govĭ-Sümber
Mongolia,Hentiy
Mongolia,Hovd
Mongolia,Hövsgöl
Mongolia,Ömnögovi
Mongolia,Orhon
Mongolia,Övörhangay
Mongolia,Selenge
Mongolia,Sühbaatar
Mongolia,Töv
Mongolia,Ulaanbaatar
Mongolia,Uvs
Montenegro,Montenegro
Mozambique,Cabo Delgado
Mozambique,Gaza
Mozambique,Inhambane
Mozambique,Manica
Mozambique,Maputo
Mozambique,Nampula
Mozambique,Niassa
Mozambique,Sofala
Mozambique,Tete
Mozambique,Zambezia
Myanmar,Ayeyarwady
Myanmar,Bago
Myanmar,Chin
Myanmar,Kachin
Myanmar,Kayah
Myanmar,Kayin
Myanmar,Magway
Myanmar,Mandalay
Myanmar,Mon
Myanmar,Rakhine
Myanmar,Sagaing
Myanmar,Shan
Myanmar,Tanintharyi
Myanmar,Yangon
Nepal,Bagmati
Nepal,Bheri
Nepal,Bhojpur
Nepal,Dhawalagiri
Nepal,Gandaki
Nepal,Janakpur
Nepal,Karnali
Nepal,Lumbini
Nepal,Mahakali
Nepal,Mechi
Nepal,Narayani
Nepal,Rapti
Nepal,Sagarmatha
Nepal,Seti
New Caledonia,New Caledonia
New Zealand,Antipodes Islands
New Zealand,Auckland
New Zealand,Auckland Islands
New Zealand,Bay of Plenty
New Zealand,Campbell Islands
New Zealand,Canterbury
New Zealand,Chatham Islands Territory
New Zealand,Gisborne District
New Zealand,Hawke's Bay
New Zealand,Kermadec Islands
New Zealand,Manawatu-Wanganui
New Zealand,Marlborough District
New Zealand,Nelson City
New Zealand,Northland
New Zealand,Otago
New Zealand,Southland
New Zealand,Taranaki
New Zealand,Tasman District
New Zealand,The Snares
New Zealand,Three Kings Islands
New Zealand,Tokelau
New Zealand,Waikato
New Zealand,Wellington
New Zealand,West Coast
Nicaragua,Atlántico Norte
Nicaragua,Atlántico Sur
Nicaragua,Boaco
Nicaragua,Carazo
Nicaragua,Chinandega
Nicaragua,Chontales
Nicaragua,Estelí
Nicaragua,Granada
Nicaragua,Jinotega
Nicaragua,León
Nicaragua,Madriz
Nicaragua,Managua
Nicaragua,Masaya
Nicaragua,Matagalpa
Nicaragua,Nueva Segovia
Nicaragua,Rio San Juan
Nicaragua,Rivas
Nigeria,Abia
Nigeria,Adamawa
Nigeria,Akwa Ibom
Nigeria,Anambra
Nigeria,Bauchi
Nigeria,Bayelsa
Nigeria,Benue
Nigeria,Borno
Nigeria,Cross River
Nigeria,Delta
Nigeria,Ebonyi
Nigeria,Edo
Nigeria,Ekiti
Nigeria,Enugu
Nigeria,Federal Capital Territory
Nigeria,Gombe
Nigeria,Imo
Nigeria,Jigawa
Nigeria,Kaduna
Nigeria,Kano
Nigeria,Katsina
Nigeria,Kebbi
Nigeria,Kogi
Nigeria,Kwara
Nigeria,Lagos
Nigeria,Nassarawa
Nigeria,Niger
Nigeria,Ogun
Nigeria,Ondo
Nigeria,Osun
Nigeria,Oyo
Nigeria,Plateau
Nigeria,Rivers
Nigeria,Sokoto
Nigeria,Taraba
Nigeria,Yobe
Nigeria,Zamfara
North Korea,Chagang-do
North Korea,Hamgyŏng-bukto
North Korea,Hamgyŏng-namdo
North Korea,Hwanghae-bukto
North Korea,Hwanghae-namdo
North Korea,Kangwŏn-do
North Korea,P'yŏngan-bukto
North Korea,P'yŏngan-namdo
North Korea,P'yŏngyang
North Korea,Rasŏn
North Korea,Ryanggang
Norway,Akershus
Norway,Aust-Agder
Norway,Bouvet Island
Norway,Buskerud
Norway,Finnmark
Norway,Hedmark
Norway,Hordaland
Norway,Møre og Romsdal
Norway,Nord-Trøndelag
Norway,Nordland
Norway,Oppland
Norway,Oslo
Norway,Østfold
Norway,Rogaland
Norway,Sogn og Fjordane
Norway,Sør-Trøndelag
Norway,Svalbard
Norway,Telemark
Norway,Troms
Norway,Vest-Agder
Norway,Vestfold
Pakistan,Pakistan
Panama,Bocas del Toro
Panama,Chiriquí
Panama,Coclé
Panama,Colón
Panama,Darién
Panama,Emberá
Panama,Herrera
Panama,Kuna Yala
Panama,Los Santos
Panama,Ngöbe Buglé
Panama,Panama
Panama,Veraguas
Papua New Guinea,Central
Papua New Guinea,Chimbu
Papua New Guinea,East New Britain
Papua New Guinea,East Sepik
Papua New Guinea,Eastern Highlands
Papua New Guinea,Enga
Papua New Guinea,Gulf
Papua New Guinea,Madang
Papua New Guinea,Manus
Papua New Guinea,Milne Bay
Papua New Guinea,Morobe
Papua New Guinea,National Capital District
Papua New Guinea,New Ireland
Papua New Guinea,North Solomons
Papua New Guinea,Northern
Papua New Guinea,Sandaun
Papua New Guinea,Southern Highlands
Papua New Guinea,West New Britain
Papua New Guinea,Western
Papua New Guinea,Western Highlands
Paraguay,Alto Paraguay
Paraguay,Alto Paraná
Paraguay,Amambay
Paraguay,Asunción
Paraguay,Boquerón
Paraguay,Caaguazú
Paraguay,Caazapá
Paraguay,Canindeyú
Paraguay,Central
Paraguay,Concepción
Paraguay,Cordillera
Paraguay,Guairá
Paraguay,Itapúa
Paraguay,Misiones
Paraguay,Ñeembucú
Paraguay,Paraguarí
Paraguay,Presidente Hayes
Paraguay,San Pedro
Peru,Amazonas
Peru,Áncash
Peru,Apurímac
Peru,Arequipa
Peru,Ayacucho
Peru,Cajamarca
Peru,Callao
Peru,Cusco
Peru,Huancavelica
Peru,Huánuco
Peru,Ica
Peru,Junín
Peru,La Libertad
Peru,Lambayeque
Peru,Lima
Peru,Lima Province
Peru,Loreto
Peru,Madre de Dios
Peru,Moquegua
Peru,Pasco
Peru,Piura
Peru,Puno
Peru,San Martín
Peru,Tacna
Peru,Tumbes
Peru,Ucayali
Philippines,Abra
Philippines,Agusan del Norte
Philippines,Agusan del Sur
Philippines,Aklan
Philippines,Albay
Philippines,Angeles
Philippines,Antique
Philippines,Apayao
Philippines,Aurora
Philippines,Bacolod
Philippines,Baguio
Philippines,Basilan
Philippines,Bataan
Philippines,Batanes
Philippines,Batangas
Philippines,Benguet
Philippines,Biliran
Philippines,Bohol
Philippines,Bukidnon
Philippines,Bulacan
Philippines,Butuan
Philippines,Cagayan
Philippines,Cagayan de Oro
Philippines,Caloocan
Philippines,Camarines Norte
Philippines,Camarines Sur
Philippines,Camiguin
Philippines,Capiz
Philippines,Catanduanes
Philippines,Cavite
Philippines,Cebu
Philippines,Compostela Valley
Philippines,Cotabato
Philippines,Dagupan
Philippines,Davao
Philippines,Davao del Norte
Philippines,Davao del Sur
Philippines,Davao Oriental
Philippines,Eastern Samar
Philippines,General Santos
Philippines,Guimaras
Philippines,Ifugao
Philippines,Iligan
Philippines,Ilocos Norte
Philippines,Ilocos Sur
Philippines,Iloilo
Philippines,Isabela
Philippines,Kalinga
Philippines,La Union
Philippines,Laguna
Philippines,Lanao del Norte
Philippines,Lanao del Sur
Philippines,Lapu-Lapu
Philippines,Las Pinas
Philippines,Leyte
Philippines,Lucena
Philippines,Maguindanao
Philippines,Makati
Philippines,Malabon
Philippines,Mandaluyong City
Philippines,Mandaue
Philippines,Manila
Philippines,Marikina
Philippines,Marinduque
Philippines,Masbate
Philippines,Mindoro Occidental
Philippines,Mindoro Oriental
Philippines,Misamis Occidental
Philippines,Misamis Oriental
Philippines,Mountain Province
Philippines,Muntinlupa
Philippines,Naga
Philippines,Navotas
Philippines,Negros Occidental
Philippines,Negros Oriental
Philippines,Northern Samar
Philippines,Nueva Ecija
Philippines,Nueva Vizcaya
Philippines,Olongapo
Philippines,Ormoc
Philippines,Palawan
Philippines,Pampanga
Philippines,Pangasinan
Philippines,Paranaque
Philippines,Pasay
Philippines,Pasig
Philippines,Pateros
Philippines,Puerto Princesa
Philippines,Quezon
Philippines,Quezon City
Philippines,Quirino
Philippines,Rizal
Philippines,Romblon
Philippines,Samar
Philippines,San Juan
Philippines,Santiago
Philippines,Sarangani
Philippines,Siquijor
Philippines,Sorsogon
Philippines,South Cotabato
Philippines,Southern Leyte
Philippines,Sultan Kudarat
Philippines,Sulu
Philippines,Surigao del Norte
Philippines,Surigao del Sur
Philippines,Tacloban
Philippines,Taguig
Philippines,Tarlac
Philippines,Tawi-Tawi
Philippines,Valenzuela
Philippines,Zambales
Philippines,Zamboanga
Philippines,Zamboanga del Norte
Philippines,Zamboanga del Sur
Philippines,Zamboanga Sibugay
Poland,Greater Poland
Poland,Kuyavian-Pomeranian
Poland,Lesser Poland
Poland,Łódź
Poland,Lower Silesian
Poland,Lublin
Poland,Lubusz
Poland,Masovian
Poland,Opole
Poland,Podlachian
Poland,Pomeranian
Poland,Silesian
Poland,Subcarpathian
Poland,Świętokrzyskie
Poland,Warmian-Masurian
Poland,West Pomeranian
Portugal,Aveiro
Portugal,Azores
Portugal,Beja
Portugal,Braga
Portugal,Bragança
Portugal,Castelo Branco
Portugal,Coimbra
Portugal,Évora
Portugal,Faro
Portugal,Guarda
Portugal,Leiria
Portugal,Lisboa
Portugal,Madeira
Portugal,Portalegre
Portugal,Porto
Portugal,Santarém
Portugal,Setúbal
Portugal,Viana do Castelo
Portugal,Vila Real
Portugal,Viseu
Puerto Rico,Puerto Rico
Republic of Serbia,Borski
Republic of Serbia,Branicevski
Republic of Serbia,Grad Beograd
Republic of Serbia,Jablanicki
Republic of Serbia,Južno-Backi
Republic of Serbia,Južno-Banatski
Republic of Serbia,Kolubarski
Republic of Serbia,Macvanski
Republic of Serbia,Moravicki
Republic of Serbia,Nišavski
Republic of Serbia,Pcinjski
Republic of Serbia,Pirotski
Republic of Serbia,Podunavski
Republic of Serbia,Pomoravski
Republic of Serbia,Raški
Republic of Serbia,Severno-Backi
Republic of Serbia,Severno-Banatski
Republic of Serbia,Srednje-Banatski
Republic of Serbia,Sremski
Republic of Serbia,Šumadijski
Republic of Serbia,Toplicki
Republic of Serbia,Zajecarski
Republic of Serbia,Zapadno-Backi
Republic of Serbia,Zlatiborski
Republic of the Congo,Bouenza
Republic of the Congo,Brazzaville
Republic of the Congo,Cuvette
Republic of the Congo,Cuvette-Ouest
Republic of the Congo,Kouilou
Republic of the Congo,Lékoumou
Republic of the Congo,Likouala
Republic of the Congo,Niari
Republic of the Congo,Plateaux
Republic of the Congo,Pointe Noire
Republic of the Congo,Pool
Republic of the Congo,Sangha
Romania,Alba
Romania,Arad
Romania,Arges
Romania,Bacau
Romania,Bihor
Romania,Bistrita-Nasaud
Romania,Botosani
Romania,Braila
Romania,Brasov
Romania,Bucharest
Romania,Buzau
Romania,Calarasi
Romania,Caras-Severin
Romania,Cluj
Romania,Constanta
Romania,Covasna
Romania,Dâmbovita
Romania,Dolj
Romania,Galati
Romania,Giurgiu
Romania,Gorj
Romania,Harghita
Romania,Hunedoara
Romania,Ialomita
Romania,Iasi
Romania,Ilfov
Romania,Maramures
Romania,Mehedinti
Romania,Mures
Romania,Neamt
Romania,Olt
Romania,Prahova
Romania,Salaj
Romania,Satu Mare
Romania,Sibiu
Romania,Suceava
Romania,Teleorman
Romania,Timis
Romania,Tulcea
Romania,Vâlcea
Romania,Vaslui
Romania,Vrancea
Russia,Adygey
Russia,Altay
Russia,Amur
Russia,Arkhangel'sk
Russia,Astrakhan'
Russia,Bashkortostan
Russia,Belgorod
Russia,Bryansk
Russia,Buryat
Russia,Chechnya
Russia,Chelyabinsk
Russia,Chita
Russia,Chukchi Autonomous Okrug
Russia,Chuvash
Russia,City of St. Petersburg
Russia,Crimea
Russia,Dagestan
Russia,Gorno-Altay
Russia,Ingush
Russia,Irkutsk
Russia,Ivanovo
Russia,Kabardin-Balkar
Russia,Kaliningrad
Russia,Kalmyk
Russia,Kaluga
Russia,Kamchatka
Russia,Karachay-Cherkess
Russia,Karelia
Russia,Kemerovo
Russia,Khabarovsk
Russia,Khakass
Russia,Khanty-Mansiy
Russia,Kirov
Russia,Komi
Russia,Kostroma
Russia,Krasnodar
Russia,Krasnoyarsk
Russia,Kurgan
Russia,Kursk
Russia,Leningrad
Russia,Lipetsk
Russia,Maga Buryatdan
Russia,Mariy-El
Russia,Mordovia
Russia,Moskovskaya
Russia,Moskva
Russia,Murmansk
Russia,Nenets
Russia,Nizhegorod
Russia,North Ossetia
Russia,Novgorod
Russia,Novosibirsk
Russia,Omsk
Russia,Orel
Russia,Orenburg
Russia,Penza
Russia,Perm'
Russia,Primor'ye
Russia,Pskov
Russia,Rostov
Russia,Ryazan'
Russia,Sakha (Yakutia)
Russia,Sakhalin
Russia,Samara
Russia,Saratov
Russia,Sevastopol
Russia,Smolensk
Russia,Stavropol'
Russia,Sverdlovsk
Russia,Tambov
Russia,Tatarstan
Russia,Tomsk
Russia,Tula
Russia,Tuva
Russia,Tver'
Russia,Tyumen'
Russia,Udmurt
Russia,Ul'yanovsk
Russia,Vladimir
Russia,Volgograd
Russia,Vologda
Russia,Voronezh
Russia,Yamal-Nenets
Russia,Yaroslavl'
Russia,Yevrey
Russia,
Rwanda,Rwanda
S. Sudan,S. Sudan
Saint Lucia,Saint Lucia
Samoa,Samoa
Sierra Leone,Sierra Leone
Slovakia,Banskobystrický
Slovakia,Bratislavský
Slovakia,Košický
Slovakia,Nitriansky
Slovakia,Prešov
Slovakia,Trenciansky
Slovakia,Trnavský
Slovakia,Žilinský
Slovenia,Ajdovščina
Slovenia,Apace
Slovenia,Beltinci
Slovenia,Benedikt
Slovenia,Bistrica ob Sotli
Slovenia,Bled
Slovenia,Bloke
Slovenia,Bohinj
Slovenia,Borovnica
Slovenia,Bovec
Slovenia,Braslovce
Slovenia,Brda
Slovenia,Brežice
Slovenia,Brezovica
Slovenia,Cankova
Slovenia,Celje
Slovenia,Cerklje na Gorenjskem
Slovenia,Cerknica
Slovenia,Cerkno
Slovenia,Cerkvenjak
Slovenia,Črenšovci
Slovenia,Črna na Koroškem
Slovenia,Crnomelj
Slovenia,Destrnik
Slovenia,Divaca
Slovenia,Dobje
Slovenia,Dobrepolje
Slovenia,Dobrna
Slovenia,Dobrova-Polhov Gradec
Slovenia,Dobrovnik
Slovenia,Dol pri Ljubljani
Slovenia,Dolenjske Toplice
Slovenia,Domžale
Slovenia,Dornava
Slovenia,Dravograd
Slovenia,Duplek
Slovenia,Gorenja vas-Poljane
Slovenia,Gorišnica
Slovenia,Gornja Radgona
Slovenia,Gornji Grad
Slovenia,Gornji Petrovci
Slovenia,Grad
Slovenia,Grosuplje
Slovenia,Hajdina
Slovenia,Hoce-Slivnica
Slovenia,Hodoš
Slovenia,Horjul
Slovenia,Hrastnik
Slovenia,Hrpelje-Kozina
Slovenia,Idrija
Slovenia,Ig
Slovenia,Ilirska Bistrica
Slovenia,Ivancna Gorica
Slovenia,Izola
Slovenia,Jesenice
Slovenia,Jezersko
Slovenia,Juršinci
Slovenia,Kamnik
Slovenia,Kanal
Slovenia,Kidricevo
Slovenia,Kobarid
Slovenia,Kobilje
Slovenia,Kocevje
Slovenia,Komen
Slovenia,Komenda
Slovenia,Koper
Slovenia,Kostel
Slovenia,Kozje
Slovenia,Kranj
Slovenia,Kranjska Gora
Slovenia,Križevci
Slovenia,Krsko
Slovenia,Krško
Slovenia,Kungota
Slovenia,Kuzma
Slovenia,Laško
Slovenia,Lenart
Slovenia,Lendava
Slovenia,Litija
Slovenia,Ljubljana
Slovenia,Ljubno
Slovenia,Ljutomer
Slovenia,Logatec
Slovenia,Loška dolina
Slovenia,Loški Potok
Slovenia,Lovrenc na Pohorju
Slovenia,Luce
Slovenia,Lukovica
Slovenia,Majšperk
Slovenia,Maribor
Slovenia,Markovci
Slovenia,Medvode
Slovenia,Mengeš
Slovenia,Metlika
Slovenia,Mežica
Slovenia,Miklavž na Dravskem polju
Slovenia,Miren-Kostanjevica
Slovenia,Mirna Pec
Slovenia,Mislinja
Slovenia,Moravce
Slovenia,Moravske Toplice
Slovenia,Mozirje
Slovenia,Murska Sobota
Slovenia,Muta
Slovenia,Naklo
Slovenia,Nazarje
Slovenia,Nova Goriška
Slovenia,Novo Mesto
Slovenia,Odranci
Slovenia,Oplotnica
Slovenia,Ormož
Slovenia,Pesnica
Slovenia,Piran
Slovenia,Pivka
Slovenia,Podcetrtek
Slovenia,Podlehnik
Slovenia,Podvelka
Slovenia,Polzela
Slovenia,Postojna
Slovenia,Prebold
Slovenia,Preddvor
Slovenia,Prevalje
Slovenia,Ptuj
Slovenia,Puconci
Slovenia,Race-Fram
Slovenia,Radece
Slovenia,Radenci
Slovenia,Radlje ob Dravi
Slovenia,Radovljica
Slovenia,Ravne na Koroškem
Slovenia,Razkrižje
Slovenia,Ribnica
Slovenia,Ribnica na Pohorju
Slovenia,Rogaška Slatina
Slovenia,Rogašovci
Slovenia,Rogatec
Slovenia,Ruše
Slovenia,Šalovci
Slovenia,Selnica ob Dravi
Slovenia,Semic
Slovenia,Šempeter-Vrtojba
Slovenia,Šenčur
Slovenia,Šentilj
Slovenia,Šentjernej
Slovenia,Šentjur pri Celju
Slovenia,Sevnica
Slovenia,Sežana
Slovenia,Škocjan
Slovenia,Škofja Loka
Slovenia,Škofljica
Slovenia,Slovenj Gradec
Slovenia,Slovenska Bistrica
Slovenia,Slovenske Konjice
Slovenia,Šmarje pri Jelšah
Slovenia,Šmartno in Litiji
Slovenia,Šmartno ob Paki
Slovenia,Sodražica
Slovenia,Solcava
Slovenia,Šoštanj
Slovenia,Starše
Slovenia,Štore
Slovenia,Sveta Ana
Slovenia,Sveti Andraž v Slovenskih Goricah
Slovenia,Sveti Jurij
Slovenia,Tabor
Slovenia,Tolmin
Slovenia,Trbovlje
Slovenia,Trebnje
Slovenia,Trnovska vas
Slovenia,Tržič
Slovenia,Trzin
Slovenia,Turnišče
Slovenia,Velenje
Slovenia,Velika Polana
Slovenia,Velike Lašče
Slovenia,Veržej
Slovenia,Videm
Slovenia,Vipava
Slovenia,Vitanje
Slovenia,Vodice
Slovenia,Vojnik
Slovenia,Vransko
Slovenia,Vrhnika
Slovenia,Vuzenica
Slovenia,Žalec
Slovenia,Zasavska
Slovenia,Zavrc
Slovenia,Železniki
Slovenia,Žetale
Slovenia,Žiri
Slovenia,Žirovnica
Slovenia,Zrece
Slovenia,Žužemberk
Solomon Islands,Capital Territory (Honiara)
Solomon Islands,Central
Solomon Islands,Choiseul
Solomon Islands,Guadalcanal
Solomon Islands,Isabel
Solomon Islands,Makira
Solomon Islands,Malaita
Solomon Islands,Rennell and Bellona
Solomon Islands,Temotu
Solomon Islands,Western
South Africa,Eastern Cape
South Africa,Free State
South Africa,Gauteng
South Africa,KwaZulu-Natal
South Africa,Limpopo
South Africa,Mpumalanga
South Africa,North West
South Africa,Northern Cape
South Africa,Western Cape
South Korea,Busan
South Korea,Daegu
South Korea,Daejeon
South Korea,Gangwon
South Korea,Gwangju
South Korea,Gyeonggi
South Korea,Incheon
South Korea,Jeju
South Korea,North Chungcheong
South Korea,North Gyeongsang
South Korea,North Jeolla
South Korea,Sejong
South Korea,Seoul
South Korea,South Chungcheong
South Korea,South Gyeongsang
South Korea,South Jeolla
South Korea,Ulsan
Spain,Álava
Spain,Albacete
Spain,Alicante
Spain,Almería
Spain,Asturias
Spain,Ávila
Spain,Badajoz
Spain,Baleares
Spain,Barcelona
Spain,Bizkaia
Spain,Burgos
Spain,Cáceres
Spain,Cádiz
Spain,Cantabria
Spain,Castellón
Spain,Ceuta
Spain,Ciudad Real
Spain,Córdoba
Spain,Cuenca
Spain,Gerona
Spain,Gipuzkoa
Spain,Granada
Spain,Guadalajara
Spain,Huelva
Spain,Huesca
Spain,Jaén
Spain,La Coruña
Spain,La Rioja
Spain,Las Palmas
Spain,León
Spain,Lérida
Spain,Lugo
Spain,Madrid
Spain,Málaga
Spain,Melilla
Spain,Murcia
Spain,Navarra
Spain,Orense
Spain,Palencia
Spain,Pontevedra
Spain,Salamanca
Spain,Santa Cruz de Tenerife
Spain,Segovia
Spain,Sevilla
Spain,Soria
Spain,Tarragona
Spain,Teruel
Spain,Toledo
Spain,Valencia
Spain,Valladolid
Spain,Zamora
Spain,Zaragoza
Sri Lanka,Sri Lanka
Sudan,Sudan
Suriname,Brokopondo
Suriname,Commewijne
Suriname,Coronie
Suriname,Marowijne
Suriname,Nickerie
Suriname,Para
Suriname,Paramaribo
Suriname,Saramacca
Suriname,Sipaliwini
Suriname,Wanica
Swaziland,Swaziland
Sweden,Blekinge
Sweden,Dalarna
Sweden,Gävleborg
Sweden,Gotland
Sweden,Halland
Sweden,Jämtland
Sweden,Jönköping
Sweden,Kalmar
Sweden,Kronoberg
Sweden,Norrbotten
Sweden,Orebro
Sweden,Östergötland
Sweden,Skåne
Sweden,Södermanland
Sweden,Stockholm
Sweden,Uppsala
Sweden,Värmland
Sweden,Västerbotten
Sweden,Västernorrland
Sweden,Västmanland
Sweden,Västra Götaland
Switzerland,Aargau
Switzerland,Appenzell Ausserrhoden
Switzerland,Appenzell Innerrhoden
Switzerland,Basel-Landschaft
Switzerland,Basel-Stadt
Switzerland,Bern
Switzerland,Fribourg
Switzerland,Genève
Switzerland,Glarus
Switzerland,Graubünden
Switzerland,Jura
Switzerland,Lucerne
Switzerland,Neuchâtel
Switzerland,Nidwalden
Switzerland,Obwalden
Switzerland,Sankt Gallen
Switzerland,Schaffhausen
Switzerland,Schwyz
Switzerland,Solothurn
Switzerland,Thurgau
Switzerland,Ticino
Switzerland,Uri
Switzerland,Valais
Switzerland,Vaud
Switzerland,Zug
Switzerland,Zürich
Taiwan,Changhua
Taiwan,Chiayi
Taiwan,Chiayi City
Taiwan,Hsinchu
Taiwan,Hsinchu City
Taiwan,Hualien
Taiwan,Kaohsiung City
Taiwan,Keelung City
Taiwan,Kinmen
Taiwan,Miaoli
Taiwan,Nantou
Taiwan,New Taipei City
Taiwan,Penghu
Taiwan,Pingtung
Taiwan,Taichung City
Taiwan,Tainan City
Taiwan,Taipei City
Taiwan,Taitung
Taiwan,Taoyuan
Taiwan,Yilan
Taiwan,Yunlin
Thailand,Amnat Charoen
Thailand,Ang Thong
Thailand,Bangkok Metropolis
Thailand,Bueng Kan
Thailand,Buri Ram
Thailand,Chachoengsao
Thailand,Chai Nat
Thailand,Chaiyaphum
Thailand,Chanthaburi
Thailand,Chiang Mai
Thailand,Chiang Rai
Thailand,Chon Buri
Thailand,Chumphon
Thailand,Kalasin
Thailand,Kamphaeng Phet
Thailand,Kanchanaburi
Thailand,Khon Kaen
Thailand,Krabi
Thailand,Lampang
Thailand,Lamphun
Thailand,Loei
Thailand,Lop Buri
Thailand,Mae Hong Son
Thailand,Maha Sarakham
Thailand,Mukdahan
Thailand,Nakhon Nayok
Thailand,Nakhon Pathom
Thailand,Nakhon Phanom
Thailand,Nakhon Ratchasima
Thailand,Nakhon Sawan
Thailand,Nakhon Si Thammarat
Thailand,Nan
Thailand,Narathiwat
Thailand,Nong Bua Lam Phu
Thailand,Nong Khai
Thailand,Nonthaburi
Thailand,Pathum Thani
Thailand,Pattani
Thailand,Phangnga
Thailand,Phatthalung
Thailand,Phayao
Thailand,Phetchabun
Thailand,Phetchaburi
Thailand,Phichit
Thailand,Phitsanulok
Thailand,Phra Nakhon Si Ayutthaya
Thailand,Phrae
Thailand,Phuket
Thailand,Prachin Buri
Thailand,Prachuap Khiri Khan
Thailand,Ranong
Thailand,Ratchaburi
Thailand,Rayong
Thailand,Roi Et
Thailand,Sa Kaeo
Thailand,Sakon Nakhon
Thailand,Samut Prakan
Thailand,Samut Sakhon
Thailand,Samut Songkhram
Thailand,Saraburi
Thailand,Satun
Thailand,Si Sa Ket
Thailand,Sing Buri
Thailand,Songkhla
Thailand,Sukhothai
Thailand,Suphan Buri
Thailand,Surat Thani
Thailand,Surin
Thailand,Tak
Thailand,Trang
Thailand,Trat
Thailand,Ubon Ratchathani
Thailand,Udon Thani
Thailand,Uthai Thani
Thailand,Uttaradit
Thailand,Yala
Thailand,Yasothon
The Bahamas,The Bahamas
Togo,Togo
Trinidad and Tobago,Trinidad and Tobago
Turkey,Adana
Turkey,Adiyaman
Turkey,Afyonkarahisar
Turkey,Agri
Turkey,Aksaray
Turkey,Amasya
Turkey,Ankara
Turkey,Antalya
Turkey,Ardahan
Turkey,Artvin
Turkey,Aydin
Turkey,Balikesir
Turkey,Bartın
Turkey,Batman
Turkey,Bayburt
Turkey,Bilecik
Turkey,Bingöl
Turkey,Bitlis
Turkey,Bolu
Turkey,Burdur
Turkey,Bursa
Turkey,Çanakkale
Turkey,Çankiri
Turkey,Çorum
Turkey,Denizli
Turkey,Diyarbakir
Turkey,Düzce
Turkey,Edirne
Turkey,Elazig
Turkey,Erzincan
Turkey,Erzurum
Turkey,Eskisehir
Turkey,Gaziantep
Turkey,Giresun
Turkey,Gümüshane
Turkey,Hakkari
Turkey,Hatay
Turkey,Iğdir
Turkey,Isparta
Turkey,Istanbul
Turkey,Izmir
Turkey,K. Maras
Turkey,Karabük
Turkey,Karaman
Turkey,Kars
Turkey,Kastamonu
Turkey,Kayseri
Turkey,Kilis
Turkey,Kinkkale
Turkey,Kirklareli
Turkey,Kirsehir
Turkey,Kocaeli
Turkey,Konya
Turkey,Kütahya
Turkey,Malatya
Turkey,Manisa
Turkey,Mardin
Turkey,Mersin
Turkey,Mugla
Turkey,Mus
Turkey,Nevsehir
Turkey,Nigde
Turkey,Ordu
Turkey,Osmaniye
Turkey,Rize
Turkey,Sakarya
Turkey,Samsun
Turkey,Sanliurfa
Turkey,Siirt
Turkey,Sinop
Turkey,Sirnak
Turkey,Sivas
Turkey,Tekirdag
Turkey,Tokat
Turkey,Trabzon
Turkey,Tunceli
Turkey,Usak
Turkey,Van
Turkey,Yalova
Turkey,Yozgat
Turkey,Zinguldak
Uganda,Uganda
Ukraine,Cherkasy
Ukraine,Chernihiv
Ukraine,Chernivtsi
Ukraine,Dnipropetrovs'k
Ukraine,Donets'k
Ukraine,Ivano-Frankivs'k
Ukraine,Kharkiv
Ukraine,Kherson
Ukraine,Khmel'nyts'kyy
Ukraine,Kiev
Ukraine,Kiev City
Ukraine,Kirovohrad
Ukraine,L'viv
Ukraine,Luhans'k
Ukraine,Mykolayiv
Ukraine,Odessa
Ukraine,Poltava
Ukraine,Rivne
Ukraine,Sumy
Ukraine,Ternopil'
Ukraine,Transcarpathia
Ukraine,Vinnytsya
Ukraine,Volyn
Ukraine,Zaporizhzhya
Ukraine,Zhytomyr
United Kingdom,Aberdeen
United Kingdom,Aberdeenshire
United Kingdom,Anglesey
United Kingdom,Angus
United Kingdom,Antrim
United Kingdom,Ards
United Kingdom,Argyll and Bute
United Kingdom,Armagh
United Kingdom,Ballymena
United Kingdom,Ballymoney
United Kingdom,Banbridge
United Kingdom,Barking and Dagenham
United Kingdom,Barnet
United Kingdom,Barnsley
United Kingdom,Bath and North East Somerset
United Kingdom,Bedford
United Kingdom,Belfast
United Kingdom,Bexley
United Kingdom,Birmingham
United Kingdom,Blackburn with Darwen
United Kingdom,Blackpool
United Kingdom,Blaenau Gwent
United Kingdom,Bolton
United Kingdom,Bournemouth
United Kingdom,Bracknell Forest
United Kingdom,Bradford
United Kingdom,Brent
United Kingdom,Bridgend
United Kingdom,Brighton and Hove
United Kingdom,Bristol
United Kingdom,Bromley
United Kingdom,Buckinghamshire
United Kingdom,Bury
United Kingdom,Caerphilly
United Kingdom,Calderdale
United Kingdom,Cambridgeshire
United Kingdom,Camden
United Kingdom,Cardiff
United Kingdom,Carmarthenshire
United Kingdom,Carrickfergus
United Kingdom,Castlereagh
United Kingdom,Central Bedfordshire
United Kingdom,Ceredigion
United Kingdom,Cheshire East
United Kingdom,Cheshire West and Chester
United Kingdom,City
United Kingdom,Clackmannanshire
United Kingdom,Coleraine
United Kingdom,Conwy
United Kingdom,Cornwall
United Kingdom,Coventry
United Kingdom,Craigavon
United Kingdom,Croydon
United Kingdom,Cumbria
United Kingdom,Darlington
United Kingdom,Denbighshire
United Kingdom,Derby
United Kingdom,Derbyshire
United Kingdom,Derry
United Kingdom,Devon
United Kingdom,Doncaster
United Kingdom,Dorset
United Kingdom,Down
United Kingdom,Dudley
United Kingdom,Dumfries and Galloway
United Kingdom,Dundee
United Kingdom,Dungannon
United Kingdom,Durham
United Kingdom,Ealing
United Kingdom,East Ayrshire
United Kingdom,East Dunbartonshire
United Kingdom,East Lothian
United Kingdom,East Renfrewshire
United Kingdom,East Riding of Yorkshire
United Kingdom,East Sussex
United Kingdom,Edinburgh
United Kingdom,Eilean Siar
United Kingdom,Enfield
United Kingdom,Essex
United Kingdom,Falkirk
United Kingdom,Fermanagh
United Kingdom,Fife
United Kingdom,Flintshire
United Kingdom,Gateshead
United Kingdom,Glasgow
United Kingdom,Gloucestershire
United Kingdom,Greenwich
United Kingdom,Gwynedd
United Kingdom,Hackney
United Kingdom,Halton
United Kingdom,Hammersmith and Fulham
United Kingdom,Hampshire
United Kingdom,Haringey
United Kingdom,Harrow
United Kingdom,Hartlepool
United Kingdom,Havering
United Kingdom,Herefordshire
United Kingdom,Hertfordshire
United Kingdom,Highland
United Kingdom,Hillingdon
United Kingdom,Hounslow
United Kingdom,Inverclyde
United Kingdom,Isle of Wight
United Kingdom,Isles of Scilly
United Kingdom,Islington
United Kingdom,Kensington and Chelsea
United Kingdom,Kent
United Kingdom,Kingston upon Hull
United Kingdom,Kingston upon Thames
United Kingdom,Kirklees
United Kingdom,Knowsley
United Kingdom,Lambeth
United Kingdom,Lancashire
United Kingdom,Larne
United Kingdom,Leeds
United Kingdom,Leicester
United Kingdom,Leicestershire
United Kingdom,Lewisham
United Kingdom,Limavady
United Kingdom,Lincolnshire
United Kingdom,Lisburn
United Kingdom,Liverpool
United Kingdom,Luton
United Kingdom,Magherafelt
United Kingdom,Manchester
United Kingdom,Medway
United Kingdom,Merseyside
United Kingdom,Merthyr Tydfil
United Kingdom,Merton
United Kingdom,Mid Ulster
United Kingdom,Middlesbrough
United Kingdom,Midlothian
United Kingdom,Milton Keynes
United Kingdom,Monmouthshire
United Kingdom,Moray
United Kingdom,Moyle
United Kingdom,Neath Port Talbot
United Kingdom,Newcastle upon Tyne
United Kingdom,Newham
United Kingdom,Newport
United Kingdom,Newry and Mourne
United Kingdom,Newtownabbey
United Kingdom,Norfolk
United Kingdom,North Ayshire
United Kingdom,North Down
United Kingdom,North East Lincolnshire
United Kingdom,North Lanarkshire
United Kingdom,North Lincolnshire
United Kingdom,North Somerset
United Kingdom,North Tyneside
United Kingdom,North Yorkshire
United Kingdom,Northamptonshire
United Kingdom,Northumberland
United Kingdom,Nottingham
United Kingdom,Nottinghamshire
United Kingdom,Oldham
United Kingdom,Omagh
United Kingdom,Orkney
United Kingdom,Oxfordshire
United Kingdom,Pembrokeshire
United Kingdom,Perthshire and Kinross
United Kingdom,Peterborough
United Kingdom,Plymouth
United Kingdom,Poole
United Kingdom,Portsmouth
United Kingdom,Powys
United Kingdom,Reading
United Kingdom,Redbridge
United Kingdom,Redcar and Cleveland
United Kingdom,Renfrewshire
United Kingdom,"Rhondda, Cynon, Taff"
United Kingdom,Richmond upon Thames
United Kingdom,Rochdale
United Kingdom,Rotherham
United Kingdom,Royal Borough of Windsor and Maidenhead
United Kingdom,Rutland
United Kingdom,Salford
United Kingdom,Sandwell
United Kingdom,Scottish Borders
United Kingdom,Sefton
United Kingdom,Sheffield
United Kingdom,Shetland Islands
United Kingdom,Shropshire
United Kingdom,Slough
United Kingdom,Solihull
United Kingdom,Somerset
United Kingdom,South Ayrshire
United Kingdom,South Gloucestershire
United Kingdom,South Lanarkshire
United Kingdom,South Tyneside
United Kingdom,Southampton
United Kingdom,Southend-on-Sea
United Kingdom,Southwark
United Kingdom,Staffordshire
United Kingdom,Stirling
United Kingdom,Stockport
United Kingdom,Stockton-on-Tees
United Kingdom,Stoke-on-Trent
United Kingdom,Strabane
United Kingdom,Suffolk
United Kingdom,Sunderland
United Kingdom,Surrey
United Kingdom,Sutton
United Kingdom,Swansea
United Kingdom,Swindon
United Kingdom,Tameside
United Kingdom,Telford and Wrekin
United Kingdom,Thurrock
United Kingdom,Torbay
United Kingdom,Torfaen
United Kingdom,Tower Hamlets
United Kingdom,Trafford
United Kingdom,Vale of Glamorgan
United Kingdom,Wakefield
United Kingdom,Walsall
United Kingdom,Waltham Forest
United Kingdom,Wandsworth
United Kingdom,Warrington
United Kingdom,Warwickshire
United Kingdom,West Berkshire
United Kingdom,West Dunbartonshire
United Kingdom,West Lothian
United Kingdom,West Sussex
United Kingdom,Westminster
United Kingdom,Wigan
United Kingdom,Wiltshire
United Kingdom,Wokingham
United Kingdom,Wolverhampton
United Kingdom,Worcestershire
United Kingdom,Wrexham
United Kingdom,York
United Republic of Tanzania,Arusha
United Republic of Tanzania,Dar-Es-Salaam
United Republic of Tanzania,Dodoma
United Republic of Tanzania,Geita
United Republic of Tanzania,Iringa
United Republic of Tanzania,Kagera
United Republic of Tanzania,Kaskazini-Pemba
United Republic of Tanzania,Kaskazini-Unguja
United Republic of Tanzania,Katavi
United Republic of Tanzania,Kigoma
United Republic of Tanzania,Kilimanjaro
United Republic of Tanzania,Kusini-Pemba
United Republic of Tanzania,Lindi
United Republic of Tanzania,Manyara
United Republic of Tanzania,Mara
United Republic of Tanzania,Mbeya
United Republic of Tanzania,Morogoro
United Republic of Tanzania,Mtwara
United Republic of Tanzania,Mwanza
United Republic of Tanzania,Njombe
United Republic of Tanzania,Pwani
United Republic of Tanzania,Rukwa
United Republic of Tanzania,Ruvuma
United Republic of Tanzania,Shinyanga
United Republic of Tanzania,Simiyu
United Republic of Tanzania,Singida
United Republic of Tanzania,Tabora
United Republic of Tanzania,Tanga
United Republic of Tanzania,Zanzibar South and Central
United Republic of Tanzania,Zanzibar West
United States of America,Alabama
United States of America,Alaska
United States of America,Arizona
United States of America,Arkansas
United States of America,California
United States of America,Colorado
United States of America,Connecticut
United States of America,Delaware
United States of America,District of Columbia
United States of America,Florida
United States of America,Georgia
United States of America,Hawaii
United States of America,Idaho
United States of America,Illinois
United States of America,Indiana
United States of America,Iowa
United States of America,Kansas
United States of America,Kentucky
United States of America,Louisiana
United States of America,Maine
United States of America,Maryland
United States of America,Massachusetts
United States of America,Michigan
United States of America,Minnesota
United States of America,Mississippi
United States of America,Missouri
United States of America,Montana
United States of America,Nebraska
United States of America,Nevada
United States of America,New Hampshire
United States of America,New Jersey
United States of America,New Mexico
United States of America,New York
United States of America,North Carolina
United States of America,North Dakota
United States of America,Ohio
United States of America,Oklahoma
United States of America,Oregon
United States of America,Pennsylvania
United States of America,Rhode Island
United States of America,South Carolina
United States of America,South Dakota
United States of America,Tennessee
United States of America,Texas
United States of America,Utah
United States of America,Vermont
United States of America,Virginia
United States of America,Washington
United States of America,West Virginia
United States of America,Wisconsin
United States of America,Wyoming
Uruguay,Uruguay
Vanuatu,Malampa
Vanuatu,Penama
Vanuatu,Sanma
Vanuatu,Shefa
Vanuatu,Tafea
Vanuatu,Torba
Venezuela,Amazonas
Venezuela,Anzoátegui
Venezuela,Apure
Venezuela,Aragua
Venezuela,Barinas
Venezuela,Bolívar
Venezuela,Carabobo
Venezuela,Cojedes
Venezuela,Delta Amacuro
Venezuela,Dependencias Federales
Venezuela,Distrito Capital
Venezuela,Falcón
Venezuela,Guárico
Venezuela,Lara
Venezuela,Mérida
Venezuela,Miranda
Venezuela,Monagas
Venezuela,Nueva Esparta
Venezuela,Portuguesa
Venezuela,Sucre
Venezuela,Táchira
Venezuela,Trujillo
Venezuela,Vargas
Venezuela,Yaracuy
Venezuela,Zulia
Vietnam,An Giang
Vietnam,Bà Rịa - Vũng Tàu
Vietnam,Bắc Giang
Vietnam,Bạc Liêu
Vietnam,Bắc Ninh
Vietnam,Bến Tre
Vietnam,Bình Định
Vietnam,Bình Dương
Vietnam,Bình Phước
Vietnam,Bình Thuận
Vietnam,Cà Mau
Vietnam,Can Tho
Vietnam,Cao Bằng
Vietnam,Đà Nẵng
Vietnam,Đắk Lắk
Vietnam,Đắk Nông
Vietnam,Điện Biên
Vietnam,Đông Bắc
Vietnam,Đồng Bằng Sông Hồng
Vietnam,Đông Nam Bộ
Vietnam,Ðong Tháp
Vietnam,Gia Lai
Vietnam,Hà Giang
Vietnam,Hà Nam
Vietnam,Ha Noi
Vietnam,Ha Tinh
Vietnam,Hải Dương
Vietnam,Hải Phòng
Vietnam,Hau Giang
Vietnam,Hồ Chí Minh city
Vietnam,Hòa Bình
Vietnam,Khánh Hòa
Vietnam,Kiên Giang
Vietnam,Kon Tum
Vietnam,Lai Chau
Vietnam,Lâm Đồng
Vietnam,Lạng Sơn
Vietnam,Lào Cai
Vietnam,Long An
Vietnam,Nam Định
Vietnam,Nghệ An
Vietnam,Ninh Bình
Vietnam,Ninh Thuận
Vietnam,Phú Thọ
Vietnam,Phú Yên
Vietnam,Quảng Bình
Vietnam,Quàng Nam
Vietnam,Quảng Ngãi
Vietnam,Quảng Ninh
Vietnam,Quảng Trị
Vietnam,Sóc Trăng
Vietnam,Son La
Vietnam,Tây Ninh
Vietnam,Thái Bình
Vietnam,Thái Nguyên
Vietnam,Thanh Hóa
Vietnam,Thừa Thiên - Huế
Vietnam,Tiền Giang
Vietnam,Trà Vinh
Vietnam,Tuyên Quang
Vietnam,Vĩnh Long
Vietnam,Vĩnh Phúc
Vietnam,Yên Bái
Zambia,Central
Zambia,Copperbelt
Zambia,Eastern
Zambia,Luapula
Zambia,Lusaka
Zambia,Muchinga
Zambia,North-Western
Zambia,Northern
Zambia,Southern
Zambia,Western
Zimbabwe,Zimbabwe